"Cliente","Tiempo respuesta","Uso CPU","Transacciones perdidas"
"0","1668","16.753375447231832","0"
"1","937","16.828219602396686","0"
"2","0","13.184259300013569","1"
"3","0","14.881483453871114","1"
"4","440","15.122527667751417","1"
"5","955","20.01066037393242","0"
"6","819","13.935860187306638","1"
"7","975","12.800342236839823","0"
